pmhc,AUC_AF3_PTI_PAE,AUC_TCRdock_pmhc_tcr_pae
A*02:01:EAAGIGILTV,0.8888888888888888,0.5555555555555556
A*02:01:GVYDGREHTV,0.5555555555555556,0.33333333333333337
A*02:01:LLLDRLNQL,1.0,1.0
A*02:01:LLLGIGILVL,1.0,0.625
A*02:01:NLSALGIFST,0.875,0.625
A*02:01:RLQSLQIYV,1.0,1.0
A*02:01:RLQSLQTYV,0.8888888888888888,1.0
A*24:02:NYNYLYRLF,0.8888888888888888,0.7777777777777778
B*35:01:LPFDKATIM,1.0,0.25
B*35:01:LPFDKSTIM,1.0,0.375
B*35:01:LPFEKSTIM,1.0,0.375
B*57:01:TSTLQEQIGW,0.6666666666666667,0.4444444444444444
