tcr,cdr,imgt_num,aa,phi_pred,psi_pred,phi_crystal,psi_crystal
tcr_1,cdr1,27,D,-86.70917081734606,114.27238852562797,-91.95968980694245,113.73700656700031
tcr_1,cdr1,28,R,-75.92804722901624,-2.655427273015163,-76.66991503844388,0.7040873528880613
tcr_1,cdr1,29,G,-81.11837197021156,-1.6197513444018439,-79.71539931017642,-12.84073594625585
tcr_1,cdr1,36,S,-61.91658620789887,134.89170068388964,-61.56035987755897,137.9701841957913
tcr_1,cdr1,37,Q,-125.14176071096256,-18.83597677807341,-131.02527307213262,-10.716735352663559
tcr_1,cdr1,38,S,-150.7940744767281,157.11134758753113,-151.8371873070142,167.5810222351763
tcr_1,cdr2,56,I,-151.27940714551787,138.74253287352713,-152.84331667628066,139.34768684320204
tcr_1,cdr2,57,Y,-136.469123513921,1.7123449974843008,-135.8450719513106,-0.42197000633217047
tcr_1,cdr2,58,S,-115.95421813346678,141.01736425275678,-111.78212411347698,132.04436244733498
tcr_1,cdr2,63,N,-53.16610274531861,143.1524834583824,-46.56492920899496,139.5821094822218
tcr_1,cdr2,64,G,118.66086586041386,-156.57110278632473,120.84248158510145,-160.33595042609912
tcr_1,cdr2,65,D,-110.56232166968317,144.2930237548319,-103.4769997881032,147.20879812458887
tcr_1,cdr2_5,81,N,-132.20752855062284,99.71609311274408,-132.630521503392,103.83168098098767
tcr_1,cdr2_5,82,K,-71.04130861407258,-30.266567483894356,-74.99698293195155,-20.931623066222944
tcr_1,cdr2_5,83,A,-63.23783881886031,-43.3549643472792,-72.18923028887484,-49.815783408348324
tcr_1,cdr2_5,84,S,-90.80871209875517,-5.950404982735617,-79.05002927244642,-20.77287152806875
tcr_1,cdr2_5,85,Q,56.1220440969709,52.78064377504702,66.93287951145828,52.7898722625405
tcr_1,cdr2_5,86,Y,-134.84486332551631,153.8408254107337,-134.0358472526577,144.10985572468363
tcr_1,cdr3,104,C,-88.47671031349267,134.65589772971833,-81.93896960114562,141.24280326987534
tcr_1,cdr3,105,A,-133.55384985003235,147.04474538305567,-144.8936047847626,150.59217251638867
tcr_1,cdr3,106,V,-126.67435158968564,128.53508039199923,-130.13574388695758,129.438799656288
tcr_1,cdr3,107,N,-86.92964084347055,110.97353267708232,-86.85753208676023,102.81356615504049
tcr_1,cdr3,108,V,-150.04253486305703,146.16756082144246,-143.354715856318,151.48930181015035
tcr_1,cdr3,109,A,57.90362630864242,32.76735033528409,58.60321230070663,30.279708738597737
tcr_1,cdr3,114,G,70.7666029499989,20.395030803943207,72.35207774432958,29.13875428397023
tcr_1,cdr3,115,K,-148.7770569644469,164.11147538431044,-164.38252555156288,167.09394177408453
tcr_1,cdr3,116,S,-96.43400583107001,125.34152306745813,-95.46028458930108,121.19143583096331
tcr_1,cdr3,117,T,-105.95766163928619,129.2099275211229,-99.6564902097267,129.15132824753587
tcr_1,cdr3,118,F,-104.79482847671527,142.82160090335844,-102.31902150849359,141.14736606891134
tcr_2,cdr1,27,G,88.91885582422518,0.19187643266115276,87.34598503048488,5.424755984619861
tcr_2,cdr1,28,T,-145.91173729959996,160.20084645850025,-140.3317176370132,164.8739206774977
tcr_2,cdr1,29,S,-132.04890109345735,155.1491742144142,-134.57277447859067,156.19966397352505
tcr_2,cdr1,36,N,53.63319167617993,39.8383492402407,51.92974941045688,42.5264801658184
tcr_2,cdr1,37,P,-75.0285704995899,155.9143978740451,-71.40003441702858,156.93951595460203
tcr_2,cdr1,38,N,-70.47000028446608,135.05640011784857,-70.69191101967334,133.43567841773634
tcr_2,cdr2,56,S,-134.61733198474974,119.39286533017182,-125.44159718985719,119.90872067144191
tcr_2,cdr2,57,V,-87.99801305222115,-16.432978763961675,-82.5293088169467,-10.160724839603235
tcr_2,cdr2,58,G,-170.76313529449914,172.76474160875327,172.31726617405604,165.56737152549397
tcr_2,cdr2,64,I,-55.85213244445115,132.88334082921696,-44.452815218078825,134.8078203089502
tcr_2,cdr2,65,G,75.37816859149602,0.842089044621237,74.57932735804764,-8.983031321395083
tcr_2,cdr2_5,81,P,-67.82611513115432,-21.5832857924731,-70.35871592128294,-22.771634377830274
tcr_2,cdr2_5,83,Q,-135.69386271009085,164.24322379566328,-135.13554049951082,176.29306308843877
tcr_2,cdr2_5,84,D,-52.58444352611223,-41.413389924101686,-56.41558331080755,-50.84289258473572
tcr_2,cdr2_5,85,R,-113.02250601327124,16.91954509085892,-103.86417319995705,21.355997139969823
tcr_2,cdr2_5,86,Q,-123.08092580343572,122.91503993757402,-132.28485583960472,111.46927667706993
tcr_2,cdr3,104,C,-94.91927862465579,140.78076718197516,-86.18963806214329,138.911443639531
tcr_2,cdr3,105,A,-143.3037511332125,155.43800386586878,-141.43364353828787,151.04788598544047
tcr_2,cdr3,106,W,-129.78182000947987,156.61243476829762,-124.04566188564178,151.76761551506831
tcr_2,cdr3,107,S,-136.97572244653983,161.53293673290145,-127.55183433269225,157.5587551617589
tcr_2,cdr3,108,E,-57.529592555298905,149.1519964609594,-51.28000919137772,140.5682539885287
tcr_2,cdr3,109,T,-50.22103171523082,133.57606875247996,-40.20136500684002,133.6649970873719
tcr_2,cdr3,110,G,86.48929395585664,-143.07688354057447,97.40577853879456,-141.07665845028728
tcr_2,cdr3,111,L,-129.02675455867828,80.77756482677351,-136.57884471983434,79.69142924776148
tcr_2,cdr3,112,G,-83.47320957748856,-134.13134819175744,-84.19826422998591,-143.29214771325533
tcr_2,cdr3,113,T,-64.38129792550818,-25.970096642516424,-52.32263781913774,-35.107781115774436
tcr_2,cdr3,114,G,93.9621829419123,2.51190252599193,90.27975453670584,12.806606506183785
tcr_2,cdr3,115,E,-57.98512513428422,129.94936276668415,-53.91014982382236,131.42877098790012
tcr_2,cdr3,116,L,-99.29520524038762,135.1466200665191,-102.30103846123141,130.6726423469833
tcr_2,cdr3,117,F,-107.27361111003762,114.92168424513534,-102.0898461255415,113.5895170658824
tcr_2,cdr3,118,F,-94.67644576502141,143.21699672690133,-88.98933836460674,145.03453138925624
